case_id,char_count,word_count,unique_word_count,sentence_count,avg_word_length,en_tokens,tl_tokens,other_tokens,en_ratio,tl_ratio,other_ratio,code_switch_points,code_switch_ratio,symptom_cue_hits,onset_cue_hits,contains_numeric,contains_time_expression
case_00001,190,31,27,3,5.0,15,16,0,0.4838709677419355,0.5161290322580645,0.0,13,0.43333333333333335,1,2,0,1
case_00002,197,32,27,2,5.0,17,15,0,0.53125,0.46875,0.0,18,0.5806451612903226,1,3,0,1
case_00003,198,30,29,3,5.366666666666666,16,14,0,0.5333333333333333,0.4666666666666667,0.0,20,0.6896551724137931,1,2,0,1
case_00004,273,47,37,3,4.617021276595745,27,20,0,0.574468085106383,0.425531914893617,0.0,22,0.4782608695652174,2,1,0,1
case_00005,170,28,26,2,4.892857142857143,15,13,0,0.5357142857142857,0.4642857142857143,0.0,10,0.37037037037037035,2,1,0,1
case_00006,188,30,27,3,5.133333333333334,13,17,0,0.43333333333333335,0.5666666666666667,0.0,16,0.5517241379310345,1,1,0,1
case_00007,254,40,30,3,5.15,25,15,0,0.625,0.375,0.0,15,0.38461538461538464,1,1,0,1
case_00008,144,24,21,3,4.75,11,13,0,0.4583333333333333,0.5416666666666666,0.0,11,0.4782608695652174,1,1,0,1
case_00009,283,42,31,3,5.5,23,19,0,0.5476190476190477,0.4523809523809524,0.0,22,0.5365853658536586,1,2,0,1
case_00010,235,35,31,3,5.514285714285714,16,19,0,0.45714285714285713,0.5428571428571428,0.0,14,0.4117647058823529,1,1,0,1
case_00011,213,36,33,3,4.777777777777778,20,16,0,0.5555555555555556,0.4444444444444444,0.0,18,0.5142857142857142,1,0,0,0
case_00012,188,30,28,3,5.1,14,16,0,0.4666666666666667,0.5333333333333333,0.0,11,0.3793103448275862,2,0,0,0
case_00013,212,35,30,3,4.914285714285715,17,18,0,0.4857142857142857,0.5142857142857142,0.0,14,0.4117647058823529,2,1,0,1
case_00014,191,32,26,3,4.78125,14,18,0,0.4375,0.5625,0.0,18,0.5806451612903226,1,2,0,1
case_00015,134,22,21,3,4.954545454545454,10,12,0,0.45454545454545453,0.5454545454545454,0.0,10,0.47619047619047616,2,1,0,1
case_00016,136,20,20,3,5.55,13,7,0,0.65,0.35,0.0,6,0.3157894736842105,1,1,0,1
case_00017,196,34,27,3,4.5588235294117645,13,21,0,0.38235294117647056,0.6176470588235294,0.0,17,0.5151515151515151,2,0,0,0
case_00018,218,36,31,3,4.916666666666667,18,18,0,0.5,0.5,0.0,22,0.6285714285714286,0,2,0,1
case_00019,155,26,25,3,4.846153846153846,14,12,0,0.5384615384615384,0.46153846153846156,0.0,10,0.4,1,1,0,1
case_00020,189,32,26,3,4.65625,18,14,0,0.5625,0.4375,0.0,19,0.6129032258064516,2,1,0,1
case_00021,197,31,26,3,5.161290322580645,13,18,0,0.41935483870967744,0.5806451612903226,0.0,10,0.3333333333333333,2,1,0,1
case_00022,168,29,27,3,4.551724137931035,20,9,0,0.6896551724137931,0.3103448275862069,0.0,14,0.5,1,2,0,1
case_00023,214,33,25,3,5.2727272727272725,19,14,0,0.5757575757575758,0.42424242424242425,0.0,18,0.5625,1,2,0,1
case_00024,262,43,29,3,4.906976744186046,25,18,0,0.5813953488372093,0.4186046511627907,0.0,20,0.47619047619047616,1,1,0,1
case_00025,255,38,29,3,5.473684210526316,13,25,0,0.34210526315789475,0.6578947368421053,0.0,19,0.5135135135135135,1,1,0,1
case_00026,146,23,21,3,5.130434782608695,9,14,0,0.391304347826087,0.6086956521739131,0.0,12,0.5454545454545454,0,1,0,1
case_00027,180,32,28,3,4.5,14,18,0,0.4375,0.5625,0.0,16,0.5161290322580645,0,0,0,0
case_00028,200,33,30,3,4.878787878787879,14,19,0,0.42424242424242425,0.5757575757575758,0.0,12,0.375,1,1,0,1
case_00029,234,38,32,3,5.0,23,15,0,0.6052631578947368,0.39473684210526316,0.0,15,0.40540540540540543,1,1,0,1
case_00030,194,31,28,3,5.032258064516129,18,13,0,0.5806451612903226,0.41935483870967744,0.0,14,0.4666666666666667,1,1,0,1
case_00031,178,29,28,3,4.931034482758621,14,15,0,0.4827586206896552,0.5172413793103449,0.0,13,0.4642857142857143,1,1,0,1
case_00032,198,32,26,3,5.0,13,19,0,0.40625,0.59375,0.0,16,0.5161290322580645,1,1,0,1
case_00033,148,25,24,2,4.72,14,11,0,0.56,0.44,0.0,12,0.5,0,1,0,1
case_00034,265,43,27,2,4.930232558139535,27,16,0,0.627906976744186,0.37209302325581395,0.0,18,0.42857142857142855,1,2,0,1
case_00035,202,33,28,3,4.96969696969697,17,16,0,0.5151515151515151,0.48484848484848486,0.0,17,0.53125,0,1,0,1
case_00036,126,20,20,3,5.05,12,8,0,0.6,0.4,0.0,11,0.5789473684210527,1,1,0,1
case_00037,231,33,25,2,5.787878787878788,19,14,0,0.5757575757575758,0.42424242424242425,0.0,17,0.53125,0,1,0,1
case_00038,161,25,24,2,5.28,10,15,0,0.4,0.6,0.0,10,0.4166666666666667,1,0,0,0
case_00039,212,35,25,3,4.828571428571428,17,18,0,0.4857142857142857,0.5142857142857142,0.0,21,0.6176470588235294,1,1,0,1
case_00040,247,39,30,3,5.128205128205129,24,15,0,0.6153846153846154,0.38461538461538464,0.0,20,0.5263157894736842,1,1,0,1
case_00041,148,25,22,3,4.8,9,16,0,0.36,0.64,0.0,10,0.4166666666666667,1,1,0,1
case_00042,108,15,13,2,5.933333333333334,10,5,0,0.6666666666666666,0.3333333333333333,0.0,7,0.5,1,0,0,0
case_00043,277,44,36,3,5.068181818181818,21,23,0,0.4772727272727273,0.5227272727272727,0.0,18,0.4186046511627907,1,2,0,1
case_00044,197,30,24,3,5.366666666666666,9,21,0,0.3,0.7,0.0,16,0.5517241379310345,1,1,0,1
case_00045,148,23,21,3,5.173913043478261,10,13,0,0.43478260869565216,0.5652173913043478,0.0,15,0.6818181818181818,1,1,0,1
case_00046,200,33,30,3,4.909090909090909,16,17,0,0.48484848484848486,0.5151515151515151,0.0,18,0.5625,1,1,0,1
case_00047,175,29,27,3,4.896551724137931,13,16,0,0.4482758620689655,0.5517241379310345,0.0,10,0.35714285714285715,2,2,0,1
case_00048,235,39,32,3,4.923076923076923,22,17,0,0.5641025641025641,0.4358974358974359,0.0,16,0.42105263157894735,1,1,0,1
case_00049,271,43,33,3,5.1395348837209305,19,24,0,0.4418604651162791,0.5581395348837209,0.0,25,0.5952380952380952,1,2,0,1
case_00050,206,32,31,3,5.21875,18,14,0,0.5625,0.4375,0.0,18,0.5806451612903226,1,0,0,0
case_00051,282,40,28,3,5.8,24,16,0,0.6,0.4,0.0,20,0.5128205128205128,1,2,0,1
case_00052,187,30,27,3,5.0,17,13,0,0.5666666666666667,0.43333333333333335,0.0,16,0.5517241379310345,1,1,0,1
case_00053,218,35,30,3,5.0285714285714285,20,15,0,0.5714285714285714,0.42857142857142855,0.0,18,0.5294117647058824,2,1,0,1
case_00054,173,29,24,3,4.793103448275862,14,15,0,0.4827586206896552,0.5172413793103449,0.0,16,0.5714285714285714,0,1,0,1
case_00055,138,25,22,2,4.32,16,9,0,0.64,0.36,0.0,9,0.375,0,1,0,1
case_00056,306,50,34,3,4.9,29,21,0,0.58,0.42,0.0,22,0.4489795918367347,2,2,0,1
case_00057,165,26,24,3,5.1923076923076925,9,17,0,0.34615384615384615,0.6538461538461539,0.0,12,0.48,1,1,0,1
case_00058,148,23,20,3,5.173913043478261,13,10,0,0.5652173913043478,0.43478260869565216,0.0,10,0.45454545454545453,2,1,0,1
case_00059,136,22,19,3,5.0,11,11,0,0.5,0.5,0.0,12,0.5714285714285714,1,1,0,1
case_00060,219,35,29,3,5.114285714285714,17,18,0,0.4857142857142857,0.5142857142857142,0.0,18,0.5294117647058824,1,1,0,1
case_00061,105,17,16,3,4.9411764705882355,13,4,0,0.7647058823529411,0.23529411764705882,0.0,4,0.25,1,1,0,1
case_00062,138,24,19,3,4.5,10,14,0,0.4166666666666667,0.5833333333333334,0.0,15,0.6521739130434783,0,2,0,1
case_00063,136,22,21,3,5.0,10,12,0,0.45454545454545453,0.5454545454545454,0.0,10,0.47619047619047616,2,2,0,1
case_00064,180,32,30,2,4.46875,16,16,0,0.5,0.5,0.0,13,0.41935483870967744,1,1,0,1
case_00065,156,24,23,3,5.291666666666667,10,14,0,0.4166666666666667,0.5833333333333334,0.0,12,0.5217391304347826,1,1,0,1
case_00066,196,33,25,2,4.7272727272727275,12,21,0,0.36363636363636365,0.6363636363636364,0.0,15,0.46875,1,0,0,0
case_00067,274,44,33,3,5.068181818181818,19,25,0,0.4318181818181818,0.5681818181818182,0.0,18,0.4186046511627907,2,0,0,0
case_00068,260,40,30,3,5.3,23,17,0,0.575,0.425,0.0,21,0.5384615384615384,1,1,0,1
case_00069,201,29,27,3,5.724137931034483,14,15,0,0.4827586206896552,0.5172413793103449,0.0,14,0.5,2,1,0,1
case_00070,135,23,20,3,4.6521739130434785,14,9,0,0.6086956521739131,0.391304347826087,0.0,12,0.5454545454545454,0,1,0,1
case_00071,196,33,25,3,4.7272727272727275,16,17,0,0.48484848484848486,0.5151515151515151,0.0,19,0.59375,0,1,0,1
case_00072,172,29,23,3,4.793103448275862,8,21,0,0.27586206896551724,0.7241379310344828,0.0,14,0.5,0,1,0,1
case_00073,150,26,21,3,4.538461538461538,15,11,0,0.5769230769230769,0.4230769230769231,0.0,12,0.48,1,2,0,1
case_00074,274,43,26,3,5.186046511627907,24,19,0,0.5581395348837209,0.4418604651162791,0.0,20,0.47619047619047616,1,1,0,1
case_00075,240,39,27,3,4.9743589743589745,20,19,0,0.5128205128205128,0.48717948717948717,0.0,19,0.5,0,2,0,1
case_00076,251,38,30,3,5.447368421052632,14,24,0,0.3684210526315789,0.631578947368421,0.0,18,0.4864864864864865,2,1,0,1
case_00077,187,30,22,3,5.033333333333333,14,16,0,0.4666666666666667,0.5333333333333333,0.0,22,0.7586206896551724,1,3,0,1
case_00078,131,21,18,3,5.0,11,10,0,0.5238095238095238,0.47619047619047616,0.0,14,0.7,1,0,0,0
case_00079,100,19,18,2,4.105263157894737,8,11,0,0.42105263157894735,0.5789473684210527,0.0,8,0.4444444444444444,1,1,0,1
case_00080,191,33,29,3,4.636363636363637,15,18,0,0.45454545454545453,0.5454545454545454,0.0,18,0.5625,1,1,0,1
case_00081,192,33,24,3,4.636363636363637,18,15,0,0.5454545454545454,0.45454545454545453,0.0,15,0.46875,1,0,0,0
case_00082,180,30,28,3,4.866666666666666,12,18,0,0.4,0.6,0.0,12,0.41379310344827586,2,1,0,1
case_00083,254,41,32,3,4.951219512195122,21,20,0,0.5121951219512195,0.4878048780487805,0.0,20,0.5,2,2,0,1
case_00084,129,21,21,2,4.904761904761905,12,9,0,0.5714285714285714,0.42857142857142855,0.0,12,0.6,2,2,0,1
case_00085,140,24,22,3,4.625,11,13,0,0.4583333333333333,0.5416666666666666,0.0,12,0.5217391304347826,1,0,0,0
case_00086,232,32,23,3,5.96875,23,9,0,0.71875,0.28125,0.0,15,0.4838709677419355,0,1,0,1
case_00087,196,32,29,2,4.96875,14,18,0,0.4375,0.5625,0.0,12,0.3870967741935484,1,0,0,0
case_00088,188,31,25,3,4.806451612903226,17,14,0,0.5483870967741935,0.45161290322580644,0.0,15,0.5,1,1,0,1
case_00089,217,34,27,3,5.176470588235294,20,14,0,0.5882352941176471,0.4117647058823529,0.0,15,0.45454545454545453,1,2,0,1
case_00090,139,23,20,2,4.826086956521739,10,13,0,0.43478260869565216,0.5652173913043478,0.0,11,0.5,1,0,0,0
case_00091,181,29,26,3,5.0344827586206895,12,17,0,0.41379310344827586,0.5862068965517241,0.0,15,0.5357142857142857,2,1,0,1
case_00092,222,32,28,3,5.75,16,16,0,0.5,0.5,0.0,13,0.41935483870967744,1,1,0,1
case_00093,271,39,29,3,5.717948717948718,22,17,0,0.5641025641025641,0.4358974358974359,0.0,18,0.47368421052631576,2,1,0,1
case_00094,175,28,24,3,5.071428571428571,10,18,0,0.35714285714285715,0.6428571428571429,0.0,10,0.37037037037037035,2,1,0,1
case_00095,174,25,23,3,5.76,8,17,0,0.32,0.68,0.0,12,0.5,0,1,0,1
case_00096,204,33,31,3,4.96969696969697,21,12,0,0.6363636363636364,0.36363636363636365,0.0,18,0.5625,1,1,0,1
case_00097,174,30,27,3,4.666666666666667,13,17,0,0.43333333333333335,0.5666666666666667,0.0,10,0.3448275862068966,2,0,0,0
case_00098,193,30,27,2,5.3,16,14,0,0.5333333333333333,0.4666666666666667,0.0,10,0.3448275862068966,1,1,0,1
case_00099,134,23,21,3,4.608695652173913,13,10,0,0.5652173913043478,0.43478260869565216,0.0,9,0.4090909090909091,2,1,0,1
case_00100,155,27,24,2,4.518518518518518,14,13,0,0.5185185185185185,0.48148148148148145,0.0,13,0.5,1,1,0,1
case_00101,207,33,27,3,5.0606060606060606,18,15,0,0.5454545454545454,0.45454545454545453,0.0,16,0.5,0,2,0,1
case_00102,163,26,26,2,5.076923076923077,16,10,0,0.6153846153846154,0.38461538461538464,0.0,11,0.44,1,1,0,1
case_00103,159,26,25,3,4.884615384615385,11,15,0,0.4230769230769231,0.5769230769230769,0.0,11,0.44,1,1,0,1
case_00104,302,48,33,3,5.104166666666667,27,21,0,0.5625,0.4375,0.0,28,0.5957446808510638,1,1,0,1
case_00105,199,29,26,3,5.655172413793103,14,15,0,0.4827586206896552,0.5172413793103449,0.0,6,0.21428571428571427,0,1,0,1
case_00106,147,26,22,3,4.461538461538462,13,13,0,0.5,0.5,0.0,16,0.64,0,1,0,1
case_00107,215,35,29,3,4.9714285714285715,16,19,0,0.45714285714285713,0.5428571428571428,0.0,18,0.5294117647058824,1,2,0,1
case_00108,173,30,24,3,4.6,12,18,0,0.4,0.6,0.0,12,0.41379310344827586,2,0,0,0
case_00109,124,20,19,3,4.95,12,8,0,0.6,0.4,0.0,8,0.42105263157894735,2,1,0,1
case_00110,182,29,26,3,5.0344827586206895,19,10,0,0.6551724137931034,0.3448275862068966,0.0,14,0.5,1,1,0,1
case_00111,156,24,23,3,5.333333333333333,11,13,0,0.4583333333333333,0.5416666666666666,0.0,10,0.43478260869565216,0,1,0,1
case_00112,155,23,21,3,5.521739130434782,9,14,0,0.391304347826087,0.6086956521739131,0.0,9,0.4090909090909091,0,1,0,1
case_00113,210,33,28,3,5.181818181818182,15,18,0,0.45454545454545453,0.5454545454545454,0.0,18,0.5625,1,3,0,1
case_00114,241,42,34,2,4.5476190476190474,26,16,0,0.6190476190476191,0.38095238095238093,0.0,20,0.4878048780487805,1,1,0,1
case_00115,135,22,21,3,4.863636363636363,17,5,0,0.7727272727272727,0.22727272727272727,0.0,6,0.2857142857142857,1,2,0,1
case_00116,171,30,26,3,4.5,13,17,0,0.43333333333333335,0.5666666666666667,0.0,13,0.4482758620689655,1,1,0,1
case_00117,154,22,21,3,5.7727272727272725,12,10,0,0.5454545454545454,0.45454545454545453,0.0,8,0.38095238095238093,1,0,0,0
case_00118,118,18,17,3,5.333333333333333,9,9,0,0.5,0.5,0.0,10,0.5882352941176471,2,1,0,1
case_00119,166,28,25,3,4.75,16,12,0,0.5714285714285714,0.42857142857142855,0.0,14,0.5185185185185185,0,2,0,1
case_00120,160,26,23,3,4.961538461538462,12,14,0,0.46153846153846156,0.5384615384615384,0.0,12,0.48,1,1,0,1
case_00121,162,27,23,2,4.777777777777778,14,13,0,0.5185185185185185,0.48148148148148145,0.0,12,0.46153846153846156,1,2,0,1
case_00122,214,31,29,3,5.709677419354839,16,15,0,0.5161290322580645,0.4838709677419355,0.0,11,0.36666666666666664,2,1,0,1
case_00123,210,33,28,3,5.181818181818182,14,19,0,0.42424242424242425,0.5757575757575758,0.0,16,0.5,1,1,0,1
case_00124,205,32,26,3,5.25,16,16,0,0.5,0.5,0.0,12,0.3870967741935484,1,0,0,0
case_00125,96,18,17,2,4.166666666666667,8,10,0,0.4444444444444444,0.5555555555555556,0.0,7,0.4117647058823529,1,0,0,0
case_00126,134,21,20,3,5.142857142857143,12,9,0,0.5714285714285714,0.42857142857142855,0.0,14,0.7,1,1,0,1
case_00127,240,38,29,2,5.131578947368421,18,20,0,0.47368421052631576,0.5263157894736842,0.0,14,0.3783783783783784,1,1,0,1
case_00128,182,27,25,3,5.555555555555555,13,14,0,0.48148148148148145,0.5185185185185185,0.0,9,0.34615384615384615,2,0,0,0
case_00129,219,31,27,3,5.870967741935484,12,19,0,0.3870967741935484,0.6129032258064516,0.0,12,0.4,2,1,0,1
case_00130,188,30,27,2,5.1,19,11,0,0.6333333333333333,0.36666666666666664,0.0,15,0.5172413793103449,2,0,0,0
case_00131,160,27,22,3,4.7407407407407405,14,13,0,0.5185185185185185,0.48148148148148145,0.0,16,0.6153846153846154,0,0,0,0
case_00132,166,28,25,3,4.821428571428571,13,15,0,0.4642857142857143,0.5357142857142857,0.0,8,0.2962962962962963,1,1,0,1
case_00133,126,21,20,3,4.857142857142857,10,11,0,0.47619047619047616,0.5238095238095238,0.0,10,0.5,1,0,0,0
case_00134,219,37,28,3,4.756756756756757,20,17,0,0.5405405405405406,0.4594594594594595,0.0,18,0.5,2,1,0,1
case_00135,198,33,29,3,4.848484848484849,16,17,0,0.48484848484848486,0.5151515151515151,0.0,12,0.375,0,1,0,1
case_00136,189,31,24,3,4.870967741935484,21,10,0,0.6774193548387096,0.3225806451612903,0.0,12,0.4,1,1,0,1
case_00137,122,19,19,3,5.2105263157894735,9,10,0,0.47368421052631576,0.5263157894736842,0.0,10,0.5555555555555556,2,1,0,1
case_00138,162,22,20,3,6.181818181818182,11,11,0,0.5,0.5,0.0,6,0.2857142857142857,0,0,0,0
case_00139,148,20,20,3,6.1,10,10,0,0.5,0.5,0.0,8,0.42105263157894735,1,0,0,0
case_00140,188,31,28,2,4.838709677419355,23,8,0,0.7419354838709677,0.25806451612903225,0.0,14,0.4666666666666667,1,2,0,1
case_00141,149,24,23,3,5.0,13,11,0,0.5416666666666666,0.4583333333333333,0.0,13,0.5652173913043478,2,1,0,1
case_00142,234,34,22,3,5.647058823529412,20,14,0,0.5882352941176471,0.4117647058823529,0.0,21,0.6363636363636364,1,1,0,1
case_00143,228,38,32,3,4.842105263157895,21,17,0,0.5526315789473685,0.4473684210526316,0.0,18,0.4864864864864865,3,1,0,1
case_00144,181,29,27,2,5.137931034482759,13,16,0,0.4482758620689655,0.5517241379310345,0.0,11,0.39285714285714285,1,0,0,0
case_00145,196,29,26,3,5.551724137931035,13,16,0,0.4482758620689655,0.5517241379310345,0.0,14,0.5,1,0,0,0
case_00146,192,32,27,3,4.8125,16,16,0,0.5,0.5,0.0,15,0.4838709677419355,2,1,0,1
case_00147,237,38,28,3,5.052631578947368,22,16,0,0.5789473684210527,0.42105263157894735,0.0,24,0.6486486486486487,0,1,0,1
case_00148,145,23,22,3,5.086956521739131,10,13,0,0.43478260869565216,0.5652173913043478,0.0,11,0.5,1,2,0,1
case_00149,239,38,29,3,5.105263157894737,15,23,0,0.39473684210526316,0.6052631578947368,0.0,20,0.5405405405405406,1,1,0,1
case_00150,137,25,22,3,4.32,11,14,0,0.44,0.56,0.0,9,0.375,1,1,0,1
case_00151,202,32,27,2,5.09375,15,17,0,0.46875,0.53125,0.0,21,0.6774193548387096,1,1,0,1
case_00152,191,33,26,3,4.666666666666667,20,13,0,0.6060606060606061,0.3939393939393939,0.0,12,0.375,0,0,0,0
case_00153,196,33,29,3,4.787878787878788,12,21,0,0.36363636363636365,0.6363636363636364,0.0,18,0.5625,2,1,0,1
case_00154,191,32,26,3,4.8125,13,19,0,0.40625,0.59375,0.0,14,0.45161290322580644,1,1,0,1
case_00155,169,29,26,3,4.689655172413793,13,16,0,0.4482758620689655,0.5517241379310345,0.0,14,0.5,2,1,0,1
case_00156,167,28,27,3,4.75,16,12,0,0.5714285714285714,0.42857142857142855,0.0,16,0.5925925925925926,0,2,0,1
case_00157,179,30,22,3,4.833333333333333,10,20,0,0.3333333333333333,0.6666666666666666,0.0,11,0.3793103448275862,0,0,0,0
case_00158,227,38,27,3,4.7631578947368425,22,16,0,0.5789473684210527,0.42105263157894735,0.0,18,0.4864864864864865,1,2,0,1
case_00159,263,44,35,3,4.75,25,19,0,0.5681818181818182,0.4318181818181818,0.0,22,0.5116279069767442,1,1,0,1
case_00160,135,21,19,3,5.190476190476191,10,11,0,0.47619047619047616,0.5238095238095238,0.0,13,0.65,2,1,0,1
case_00161,175,28,24,2,5.071428571428571,8,20,0,0.2857142857142857,0.7142857142857143,0.0,8,0.2962962962962963,2,1,0,1
case_00162,171,27,24,2,5.148148148148148,14,13,0,0.5185185185185185,0.48148148148148145,0.0,12,0.46153846153846156,0,0,0,0
case_00163,235,38,30,3,5.0,19,19,0,0.5,0.5,0.0,16,0.43243243243243246,2,1,0,1
case_00164,213,32,27,3,5.4375,20,12,0,0.625,0.375,0.0,18,0.5806451612903226,1,1,0,1
case_00165,136,21,19,3,5.238095238095238,13,8,0,0.6190476190476191,0.38095238095238093,0.0,10,0.5,0,1,0,1
case_00166,131,21,18,3,5.0476190476190474,13,8,0,0.6190476190476191,0.38095238095238093,0.0,12,0.6,0,1,0,1
case_00167,209,32,25,3,5.3125,17,15,0,0.53125,0.46875,0.0,17,0.5483870967741935,2,2,0,1
case_00168,280,48,34,2,4.645833333333333,27,21,0,0.5625,0.4375,0.0,22,0.46808510638297873,2,1,0,1
case_00169,148,25,24,3,4.68,11,14,0,0.44,0.56,0.0,12,0.5,1,1,0,1
case_00170,173,31,26,3,4.419354838709677,15,16,0,0.4838709677419355,0.5161290322580645,0.0,15,0.5,2,1,0,1
case_00171,142,21,20,3,5.476190476190476,14,7,0,0.6666666666666666,0.3333333333333333,0.0,10,0.5,2,1,0,1
case_00172,199,32,26,2,5.03125,14,18,0,0.4375,0.5625,0.0,21,0.6774193548387096,2,3,0,1
case_00173,184,30,29,3,4.9,18,12,0,0.6,0.4,0.0,13,0.4482758620689655,1,2,0,1
case_00174,229,38,29,3,4.815789473684211,19,19,0,0.5,0.5,0.0,21,0.5675675675675675,1,0,0,0
case_00175,205,35,31,3,4.742857142857143,17,18,0,0.4857142857142857,0.5142857142857142,0.0,17,0.5,1,0,0,0
case_00176,206,34,29,3,4.882352941176471,15,19,0,0.4411764705882353,0.5588235294117647,0.0,14,0.42424242424242425,2,2,0,1
case_00177,222,38,29,3,4.684210526315789,17,21,0,0.4473684210526316,0.5526315789473685,0.0,20,0.5405405405405406,1,2,0,1
case_00178,241,40,33,3,4.85,18,22,0,0.45,0.55,0.0,17,0.4358974358974359,0,0,0,0
case_00179,230,34,28,3,5.529411764705882,13,21,0,0.38235294117647056,0.6176470588235294,0.0,18,0.5454545454545454,2,2,0,1
case_00180,170,26,24,3,5.3076923076923075,13,13,0,0.5,0.5,0.0,10,0.4,2,0,0,0
case_00181,166,29,27,3,4.482758620689655,19,10,0,0.6551724137931034,0.3448275862068966,0.0,10,0.35714285714285715,1,1,0,1
case_00182,224,36,26,2,5.0,21,15,0,0.5833333333333334,0.4166666666666667,0.0,20,0.5714285714285714,0,2,0,1
case_00183,173,30,26,3,4.566666666666666,16,14,0,0.5333333333333333,0.4666666666666667,0.0,13,0.4482758620689655,1,1,0,1
case_00184,173,27,21,3,5.148148148148148,13,14,0,0.48148148148148145,0.5185185185185185,0.0,15,0.5769230769230769,1,1,0,1
case_00185,147,24,21,3,4.875,13,11,0,0.5416666666666666,0.4583333333333333,0.0,12,0.5217391304347826,1,2,0,1
case_00186,149,25,25,3,4.72,12,13,0,0.48,0.52,0.0,15,0.625,2,1,0,1
case_00187,184,29,27,3,5.206896551724138,12,17,0,0.41379310344827586,0.5862068965517241,0.0,11,0.39285714285714285,1,0,0,0
case_00188,189,30,28,3,5.066666666666666,16,14,0,0.5333333333333333,0.4666666666666667,0.0,12,0.41379310344827586,1,3,0,1
case_00189,99,16,15,2,5.0,7,9,0,0.4375,0.5625,0.0,8,0.5333333333333333,0,0,0,0
case_00190,183,29,26,3,5.103448275862069,9,20,0,0.3103448275862069,0.6896551724137931,0.0,12,0.42857142857142855,2,0,0,0
case_00191,224,35,28,3,5.142857142857143,21,14,0,0.6,0.4,0.0,17,0.5,1,1,0,1
case_00192,172,30,27,3,4.566666666666666,12,18,0,0.4,0.6,0.0,11,0.3793103448275862,2,1,0,1
case_00193,242,37,27,3,5.378378378378378,18,19,0,0.4864864864864865,0.5135135135135135,0.0,17,0.4722222222222222,2,0,0,0
case_00194,192,33,31,3,4.666666666666667,15,18,0,0.45454545454545453,0.5454545454545454,0.0,12,0.375,0,1,0,1
case_00195,205,32,29,3,5.1875,14,18,0,0.4375,0.5625,0.0,14,0.45161290322580644,2,1,0,1
case_00196,144,23,21,3,5.043478260869565,10,13,0,0.43478260869565216,0.5652173913043478,0.0,15,0.6818181818181818,0,1,0,1
case_00197,138,21,19,2,5.428571428571429,10,11,0,0.47619047619047616,0.5238095238095238,0.0,8,0.4,2,0,0,0
case_00198,262,43,30,2,4.883720930232558,30,13,0,0.6976744186046512,0.3023255813953488,0.0,18,0.42857142857142855,2,1,0,1
case_00199,194,32,30,2,4.90625,16,16,0,0.5,0.5,0.0,13,0.41935483870967744,0,0,0,0
case_00200,195,32,27,3,4.875,17,15,0,0.53125,0.46875,0.0,12,0.3870967741935484,1,1,0,1
case_00201,239,37,32,3,5.297297297297297,17,20,0,0.4594594594594595,0.5405405405405406,0.0,15,0.4166666666666667,2,1,0,1
case_00202,172,28,23,3,4.964285714285714,14,14,0,0.5,0.5,0.0,16,0.5925925925925926,1,1,0,1
case_00203,173,26,24,3,5.5,10,16,0,0.38461538461538464,0.6153846153846154,0.0,10,0.4,1,1,0,1
case_00204,255,45,35,3,4.488888888888889,22,23,0,0.4888888888888889,0.5111111111111111,0.0,18,0.4090909090909091,0,1,0,1
case_00205,281,43,34,3,5.348837209302325,25,18,0,0.5813953488372093,0.4186046511627907,0.0,18,0.42857142857142855,2,1,0,1
case_00206,235,37,28,3,5.108108108108108,23,14,0,0.6216216216216216,0.3783783783783784,0.0,20,0.5555555555555556,1,1,0,1
case_00207,197,37,33,3,4.1891891891891895,17,20,0,0.4594594594594595,0.5405405405405406,0.0,11,0.3055555555555556,0,0,0,0
case_00208,164,25,23,3,5.32,10,15,0,0.4,0.6,0.0,12,0.5,2,2,0,1
case_00209,73,12,11,1,4.916666666666667,5,7,0,0.4166666666666667,0.5833333333333334,0.0,4,0.36363636363636365,0,0,0,0
case_00210,186,28,26,3,5.392857142857143,14,14,0,0.5,0.5,0.0,14,0.5185185185185185,0,1,0,1
case_00211,157,26,23,3,4.923076923076923,16,10,0,0.6153846153846154,0.38461538461538464,0.0,10,0.4,0,0,0,0
case_00212,101,18,17,2,4.444444444444445,6,12,0,0.3333333333333333,0.6666666666666666,0.0,8,0.47058823529411764,1,0,0,0
case_00213,181,29,26,3,5.068965517241379,14,15,0,0.4827586206896552,0.5172413793103449,0.0,15,0.5357142857142857,1,2,0,1
case_00214,185,31,27,3,4.806451612903226,15,16,0,0.4838709677419355,0.5161290322580645,0.0,18,0.6,1,1,0,1
case_00215,179,30,27,3,4.766666666666667,10,20,0,0.3333333333333333,0.6666666666666666,0.0,12,0.41379310344827586,2,0,0,0
case_00216,144,25,24,2,4.56,17,8,0,0.68,0.32,0.0,6,0.25,0,1,0,1
case_00217,252,42,25,3,4.761904761904762,27,15,0,0.6428571428571429,0.35714285714285715,0.0,20,0.4878048780487805,1,1,0,1
case_00218,169,27,24,3,5.037037037037037,12,15,0,0.4444444444444444,0.5555555555555556,0.0,11,0.4230769230769231,1,1,0,1
case_00219,158,26,20,2,4.8076923076923075,9,17,0,0.34615384615384615,0.6538461538461539,0.0,12,0.48,1,2,0,1
case_00220,177,32,26,3,4.375,14,18,0,0.4375,0.5625,0.0,12,0.3870967741935484,2,0,0,0
case_00221,130,21,19,2,5.0476190476190474,7,14,0,0.3333333333333333,0.6666666666666666,0.0,9,0.45,1,0,0,0
case_00222,247,36,30,3,5.638888888888889,28,8,0,0.7777777777777778,0.2222222222222222,0.0,9,0.2571428571428571,1,1,0,1
case_00223,162,25,23,3,5.28,15,10,0,0.6,0.4,0.0,9,0.375,0,1,0,1
case_00224,234,38,28,3,4.973684210526316,20,18,0,0.5263157894736842,0.47368421052631576,0.0,18,0.4864864864864865,2,2,0,1
case_00225,197,35,29,3,4.485714285714286,18,17,0,0.5142857142857142,0.4857142857142857,0.0,16,0.47058823529411764,1,1,0,1
case_00226,53,8,8,1,5.5,3,5,0,0.375,0.625,0.0,4,0.5714285714285714,0,0,0,0
case_00227,211,33,29,3,5.212121212121212,16,17,0,0.48484848484848486,0.5151515151515151,0.0,14,0.4375,2,2,0,1
case_00228,129,22,21,2,4.590909090909091,12,10,0,0.5454545454545454,0.45454545454545453,0.0,6,0.2857142857142857,1,1,0,1
case_00229,149,25,23,3,4.8,15,10,0,0.6,0.4,0.0,10,0.4166666666666667,0,1,0,1
case_00230,273,43,28,3,5.1395348837209305,23,20,0,0.5348837209302325,0.46511627906976744,0.0,28,0.6666666666666666,1,3,0,1
case_00231,166,29,25,3,4.586206896551724,9,20,0,0.3103448275862069,0.6896551724137931,0.0,10,0.35714285714285715,1,2,0,1
case_00232,204,34,28,3,4.823529411764706,15,19,0,0.4411764705882353,0.5588235294117647,0.0,18,0.5454545454545454,1,1,0,1
case_00233,163,26,22,3,5.076923076923077,11,15,0,0.4230769230769231,0.5769230769230769,0.0,15,0.6,0,1,0,1
case_00234,239,39,33,3,4.923076923076923,18,21,0,0.46153846153846156,0.5384615384615384,0.0,18,0.47368421052631576,2,2,0,1
case_00235,88,15,14,2,4.666666666666667,7,8,0,0.4666666666666667,0.5333333333333333,0.0,5,0.35714285714285715,2,0,0,0
case_00236,166,26,23,3,5.153846153846154,16,10,0,0.6153846153846154,0.38461538461538464,0.0,11,0.44,2,1,0,1
case_00237,187,32,28,2,4.65625,17,15,0,0.53125,0.46875,0.0,10,0.3225806451612903,1,1,0,1
case_00238,215,36,28,3,4.805555555555555,18,18,0,0.5,0.5,0.0,20,0.5714285714285714,2,3,0,1
case_00239,244,41,31,3,4.7073170731707314,25,16,0,0.6097560975609756,0.3902439024390244,0.0,21,0.525,1,1,0,1
case_00240,236,37,27,3,5.162162162162162,19,18,0,0.5135135135135135,0.4864864864864865,0.0,19,0.5277777777777778,0,1,0,1
case_00241,193,32,25,3,4.84375,14,18,0,0.4375,0.5625,0.0,16,0.5161290322580645,2,0,0,0
case_00242,157,27,23,3,4.62962962962963,11,16,0,0.4074074074074074,0.5925925925925926,0.0,14,0.5384615384615384,1,1,0,1
case_00243,217,33,25,3,5.303030303030303,16,17,0,0.48484848484848486,0.5151515151515151,0.0,22,0.6875,1,3,0,1
case_00244,216,34,29,3,5.117647058823529,16,18,0,0.47058823529411764,0.5294117647058824,0.0,19,0.5757575757575758,1,1,0,1
case_00245,149,25,25,3,4.72,15,10,0,0.6,0.4,0.0,12,0.5,1,0,0,0
case_00246,199,33,28,3,4.878787878787879,12,21,0,0.36363636363636365,0.6363636363636364,0.0,13,0.40625,2,0,0,0
case_00247,250,39,31,2,5.205128205128205,17,22,0,0.4358974358974359,0.5641025641025641,0.0,17,0.4473684210526316,2,1,0,1
case_00248,168,27,27,3,5.0,16,11,0,0.5925925925925926,0.4074074074074074,0.0,12,0.46153846153846156,1,2,0,1
case_00249,157,26,26,3,4.884615384615385,13,13,0,0.5,0.5,0.0,12,0.48,1,0,0,0
case_00250,168,28,25,3,4.785714285714286,13,15,0,0.4642857142857143,0.5357142857142857,0.0,14,0.5185185185185185,3,1,0,1
case_00251,275,43,32,2,5.186046511627907,22,21,0,0.5116279069767442,0.4883720930232558,0.0,17,0.40476190476190477,2,1,0,1
case_00252,264,40,28,3,5.4,23,17,0,0.575,0.425,0.0,21,0.5384615384615384,2,2,0,1
case_00253,180,32,30,2,4.4375,21,11,0,0.65625,0.34375,0.0,11,0.3548387096774194,2,1,0,1
case_00254,86,14,13,2,5.0,6,8,0,0.42857142857142855,0.5714285714285714,0.0,7,0.5384615384615384,1,0,0,0
case_00255,191,32,29,3,4.84375,12,20,0,0.375,0.625,0.0,13,0.41935483870967744,1,1,0,1
case_00256,201,31,27,3,5.290322580645161,17,14,0,0.5483870967741935,0.45161290322580644,0.0,18,0.6,2,2,0,1
case_00257,222,37,27,3,4.8108108108108105,24,13,0,0.6486486486486487,0.35135135135135137,0.0,17,0.4722222222222222,1,1,0,1
case_00258,154,25,22,3,4.96,11,14,0,0.44,0.56,0.0,14,0.5833333333333334,0,1,0,1
case_00259,158,25,25,2,5.12,15,10,0,0.6,0.4,0.0,11,0.4583333333333333,1,1,0,1
case_00260,151,25,22,3,4.84,12,13,0,0.48,0.52,0.0,9,0.375,1,0,0,0
case_00261,185,30,28,2,4.966666666666667,14,16,0,0.4666666666666667,0.5333333333333333,0.0,14,0.4827586206896552,1,2,0,1
case_00262,217,34,28,3,5.176470588235294,13,21,0,0.38235294117647056,0.6176470588235294,0.0,17,0.5151515151515151,3,1,0,1
case_00263,155,26,23,3,4.769230769230769,15,11,0,0.5769230769230769,0.4230769230769231,0.0,15,0.6,0,2,0,1
case_00264,313,48,35,3,5.3125,25,23,0,0.5208333333333334,0.4791666666666667,0.0,28,0.5957446808510638,1,2,0,1
case_00265,211,33,26,3,5.151515151515151,24,9,0,0.7272727272727273,0.2727272727272727,0.0,16,0.5,1,1,0,1
case_00266,152,25,21,2,4.88,13,12,0,0.52,0.48,0.0,10,0.4166666666666667,1,1,0,1
case_00267,255,42,31,3,4.904761904761905,16,26,0,0.38095238095238093,0.6190476190476191,0.0,18,0.43902439024390244,0,1,0,1
case_00268,212,33,23,2,5.181818181818182,22,11,0,0.6666666666666666,0.3333333333333333,0.0,18,0.5625,1,1,0,1
case_00269,192,31,29,3,4.967741935483871,17,14,0,0.5483870967741935,0.45161290322580644,0.0,14,0.4666666666666667,1,2,0,1
case_00270,203,32,30,3,5.125,18,14,0,0.5625,0.4375,0.0,19,0.6129032258064516,1,3,0,1
case_00271,127,21,19,3,4.761904761904762,10,11,0,0.47619047619047616,0.5238095238095238,0.0,8,0.4,2,1,0,1
case_00272,133,21,20,3,5.142857142857143,8,13,0,0.38095238095238093,0.6190476190476191,0.0,13,0.65,1,0,0,0
case_00273,99,18,18,2,4.388888888888889,9,9,0,0.5,0.5,0.0,10,0.5882352941176471,1,0,0,0
case_00274,193,30,24,3,5.233333333333333,14,16,0,0.4666666666666667,0.5333333333333333,0.0,18,0.6206896551724138,2,3,0,1
case_00275,251,40,27,3,5.075,17,23,0,0.425,0.575,0.0,20,0.5128205128205128,1,1,0,1
case_00276,220,35,32,2,5.114285714285714,19,16,0,0.5428571428571428,0.45714285714285713,0.0,12,0.35294117647058826,2,1,0,1
case_00277,180,28,25,3,5.178571428571429,15,13,0,0.5357142857142857,0.4642857142857143,0.0,18,0.6666666666666666,1,2,0,1
case_00278,188,31,27,3,4.903225806451613,14,17,0,0.45161290322580644,0.5483870967741935,0.0,17,0.5666666666666667,1,1,0,1
case_00279,136,25,22,3,4.24,9,16,0,0.36,0.64,0.0,13,0.5416666666666666,0,1,0,1
case_00280,157,23,22,2,5.608695652173913,9,14,0,0.391304347826087,0.6086956521739131,0.0,11,0.5,1,1,0,1
case_00281,161,27,26,3,4.7407407407407405,17,10,0,0.6296296296296297,0.37037037037037035,0.0,16,0.6153846153846154,1,2,0,1
case_00282,127,22,22,3,4.590909090909091,13,9,0,0.5909090909090909,0.4090909090909091,0.0,12,0.5714285714285714,1,1,0,1
case_00283,182,30,26,2,4.9,16,14,0,0.5333333333333333,0.4666666666666667,0.0,16,0.5517241379310345,1,2,0,1
case_00284,166,26,24,3,5.269230769230769,9,17,0,0.34615384615384615,0.6538461538461539,0.0,10,0.4,2,1,0,1
case_00285,161,27,25,3,4.814814814814815,14,13,0,0.5185185185185185,0.48148148148148145,0.0,12,0.46153846153846156,1,1,0,1
case_00286,193,31,28,3,5.096774193548387,11,20,0,0.3548387096774194,0.6451612903225806,0.0,12,0.4,2,0,0,0
case_00287,164,27,26,2,4.925925925925926,14,13,0,0.5185185185185185,0.48148148148148145,0.0,11,0.4230769230769231,1,1,0,1
case_00288,143,22,20,2,5.2727272727272725,12,10,0,0.5454545454545454,0.45454545454545453,0.0,6,0.2857142857142857,2,1,0,1
case_00289,181,29,26,3,5.0344827586206895,10,19,0,0.3448275862068966,0.6551724137931034,0.0,16,0.5714285714285714,1,1,0,1
case_00290,164,27,25,2,4.888888888888889,14,13,0,0.5185185185185185,0.48148148148148145,0.0,9,0.34615384615384615,1,1,0,1
case_00291,136,23,21,2,4.739130434782608,12,11,0,0.5217391304347826,0.4782608695652174,0.0,9,0.4090909090909091,1,1,0,1
case_00292,157,23,22,3,5.608695652173913,12,11,0,0.5217391304347826,0.4782608695652174,0.0,10,0.45454545454545453,1,2,0,1
case_00293,160,27,22,3,4.777777777777778,11,16,0,0.4074074074074074,0.5925925925925926,0.0,19,0.7307692307692307,0,3,0,1
case_00294,180,27,25,3,5.481481481481482,12,15,0,0.4444444444444444,0.5555555555555556,0.0,10,0.38461538461538464,0,1,0,1
case_00295,120,20,17,3,4.75,12,8,0,0.6,0.4,0.0,12,0.631578947368421,1,1,0,1
case_00296,175,24,23,3,6.083333333333333,11,13,0,0.4583333333333333,0.5416666666666666,0.0,11,0.4782608695652174,0,2,0,1
case_00297,84,14,14,2,4.785714285714286,9,5,0,0.6428571428571429,0.35714285714285715,0.0,5,0.38461538461538464,2,0,0,0
case_00298,167,26,21,3,5.269230769230769,8,18,0,0.3076923076923077,0.6923076923076923,0.0,9,0.36,2,1,0,1
case_00299,243,39,28,3,4.9743589743589745,20,19,0,0.5128205128205128,0.48717948717948717,0.0,20,0.5263157894736842,1,2,0,1
case_00300,160,24,20,3,5.458333333333333,9,15,0,0.375,0.625,0.0,8,0.34782608695652173,1,1,0,1
case_00301,164,28,24,3,4.678571428571429,12,16,0,0.42857142857142855,0.5714285714285714,0.0,13,0.48148148148148145,0,2,0,1
case_00302,287,49,36,3,4.653061224489796,34,15,0,0.6938775510204082,0.30612244897959184,0.0,18,0.375,1,1,0,1
case_00303,137,22,21,3,4.954545454545454,14,8,0,0.6363636363636364,0.36363636363636365,0.0,10,0.47619047619047616,0,0,0,0
case_00304,163,24,22,2,5.625,11,13,0,0.4583333333333333,0.5416666666666666,0.0,10,0.43478260869565216,0,2,0,1
case_00305,194,31,28,2,5.032258064516129,20,11,0,0.6451612903225806,0.3548387096774194,0.0,15,0.5,1,1,0,1
case_00306,194,31,28,3,5.064516129032258,18,13,0,0.5806451612903226,0.41935483870967744,0.0,15,0.5,1,1,0,1
case_00307,209,33,28,3,5.121212121212121,13,20,0,0.3939393939393939,0.6060606060606061,0.0,17,0.53125,1,2,0,1
case_00308,146,25,23,3,4.72,12,13,0,0.48,0.52,0.0,10,0.4166666666666667,1,1,0,1
case_00309,161,25,23,3,5.24,8,17,0,0.32,0.68,0.0,10,0.4166666666666667,2,1,0,1
case_00310,160,25,24,3,5.16,10,15,0,0.4,0.6,0.0,12,0.5,2,1,0,1
case_00311,155,27,22,3,4.555555555555555,14,13,0,0.5185185185185185,0.48148148148148145,0.0,15,0.5769230769230769,1,1,0,1
case_00312,196,32,32,3,4.9375,21,11,0,0.65625,0.34375,0.0,12,0.3870967741935484,0,1,0,1
case_00313,214,34,30,3,5.117647058823529,18,16,0,0.5294117647058824,0.47058823529411764,0.0,12,0.36363636363636365,0,1,0,1
case_00314,211,38,30,3,4.421052631578948,12,26,0,0.3157894736842105,0.6842105263157895,0.0,12,0.32432432432432434,2,0,0,0
case_00315,143,22,22,2,5.2272727272727275,13,9,0,0.5909090909090909,0.4090909090909091,0.0,11,0.5238095238095238,1,2,0,1
case_00316,190,31,26,3,4.903225806451613,17,14,0,0.5483870967741935,0.45161290322580644,0.0,22,0.7333333333333333,0,2,0,1
case_00317,133,21,21,2,5.142857142857143,14,7,0,0.6666666666666666,0.3333333333333333,0.0,10,0.5,1,2,0,1
case_00318,274,42,31,3,5.333333333333333,22,20,0,0.5238095238095238,0.47619047619047616,0.0,18,0.43902439024390244,1,0,0,0
case_00319,157,26,24,3,4.846153846153846,9,17,0,0.34615384615384615,0.6538461538461539,0.0,11,0.44,1,1,0,1
case_00320,175,29,28,3,4.827586206896552,16,13,0,0.5517241379310345,0.4482758620689655,0.0,12,0.42857142857142855,1,1,0,1
case_00321,175,31,26,3,4.548387096774194,16,15,0,0.5161290322580645,0.4838709677419355,0.0,14,0.4666666666666667,2,0,0,0
case_00322,167,27,25,3,5.0,13,14,0,0.48148148148148145,0.5185185185185185,0.0,12,0.46153846153846156,0,1,0,1
case_00323,201,36,30,3,4.444444444444445,16,20,0,0.4444444444444444,0.5555555555555556,0.0,14,0.4,0,0,0,0
case_00324,221,34,25,3,5.294117647058823,15,19,0,0.4411764705882353,0.5588235294117647,0.0,18,0.5454545454545454,1,1,0,1
case_00325,283,45,27,3,5.066666666666666,23,22,0,0.5111111111111111,0.4888888888888889,0.0,23,0.5227272727272727,2,1,0,1
case_00326,166,29,25,3,4.517241379310345,15,14,0,0.5172413793103449,0.4827586206896552,0.0,14,0.5,0,1,0,1
case_00327,82,14,13,2,4.642857142857143,8,6,0,0.5714285714285714,0.42857142857142855,0.0,8,0.6153846153846154,0,0,0,0
case_00328,183,30,27,3,4.866666666666666,16,14,0,0.5333333333333333,0.4666666666666667,0.0,14,0.4827586206896552,2,2,0,1
case_00329,173,31,25,3,4.419354838709677,15,16,0,0.4838709677419355,0.5161290322580645,0.0,16,0.5333333333333333,1,0,0,0
case_00330,209,34,28,3,5.0,17,17,0,0.5,0.5,0.0,23,0.696969696969697,0,0,0,0
case_00331,187,30,23,3,5.033333333333333,13,17,0,0.43333333333333335,0.5666666666666667,0.0,12,0.41379310344827586,1,0,0,0
case_00332,198,28,27,3,5.821428571428571,18,10,0,0.6428571428571429,0.35714285714285715,0.0,10,0.37037037037037035,0,1,0,1
case_00333,81,13,13,1,5.076923076923077,6,7,0,0.46153846153846156,0.5384615384615384,0.0,5,0.4166666666666667,0,0,0,0
case_00334,203,35,27,3,4.628571428571429,15,20,0,0.42857142857142855,0.5714285714285714,0.0,16,0.47058823529411764,1,1,0,1
case_00335,178,29,28,3,4.931034482758621,17,12,0,0.5862068965517241,0.41379310344827586,0.0,13,0.4642857142857143,0,1,0,1
case_00336,216,34,32,3,5.117647058823529,20,14,0,0.5882352941176471,0.4117647058823529,0.0,18,0.5454545454545454,1,0,0,0
case_00337,137,22,22,3,4.954545454545454,10,12,0,0.45454545454545453,0.5454545454545454,0.0,13,0.6190476190476191,3,1,0,1
case_00338,201,30,25,3,5.5,19,11,0,0.6333333333333333,0.36666666666666664,0.0,12,0.41379310344827586,1,1,0,1
case_00339,115,21,18,3,4.285714285714286,10,11,0,0.47619047619047616,0.5238095238095238,0.0,10,0.5,1,0,0,0
case_00340,141,21,21,3,5.428571428571429,14,7,0,0.6666666666666666,0.3333333333333333,0.0,11,0.55,2,1,0,1
case_00341,156,26,22,3,4.769230769230769,11,15,0,0.4230769230769231,0.5769230769230769,0.0,13,0.52,1,1,0,1
case_00342,208,32,28,3,5.28125,16,16,0,0.5,0.5,0.0,15,0.4838709677419355,2,2,0,1
case_00343,203,34,24,3,4.794117647058823,19,15,0,0.5588235294117647,0.4411764705882353,0.0,18,0.5454545454545454,1,1,0,1
case_00344,234,39,31,3,4.82051282051282,19,20,0,0.48717948717948717,0.5128205128205128,0.0,15,0.39473684210526316,0,0,0,0
case_00345,195,32,27,3,4.9375,14,18,0,0.4375,0.5625,0.0,15,0.4838709677419355,2,2,0,1
case_00346,149,26,24,3,4.538461538461538,10,16,0,0.38461538461538464,0.6153846153846154,0.0,9,0.36,2,1,0,1
case_00347,134,22,19,2,4.863636363636363,12,10,0,0.5454545454545454,0.45454545454545453,0.0,8,0.38095238095238093,2,2,0,1
case_00348,181,31,28,3,4.741935483870968,15,16,0,0.4838709677419355,0.5161290322580645,0.0,10,0.3333333333333333,2,0,0,0
case_00349,220,32,26,3,5.625,14,18,0,0.4375,0.5625,0.0,16,0.5161290322580645,2,2,0,1
case_00350,192,32,29,3,4.8125,16,16,0,0.5,0.5,0.0,14,0.45161290322580644,2,3,0,1
case_00351,117,20,17,3,4.65,10,10,0,0.5,0.5,0.0,11,0.5789473684210527,3,0,0,0
case_00352,70,12,12,1,4.666666666666667,9,3,0,0.75,0.25,0.0,3,0.2727272727272727,0,1,0,1
case_00353,172,28,26,3,4.964285714285714,14,14,0,0.5,0.5,0.0,13,0.48148148148148145,1,1,0,1
case_00354,162,22,20,2,6.136363636363637,10,12,0,0.45454545454545453,0.5454545454545454,0.0,11,0.5238095238095238,0,1,0,1
case_00355,147,24,23,3,4.875,14,10,0,0.5833333333333334,0.4166666666666667,0.0,14,0.6086956521739131,0,1,0,1
case_00356,53,9,9,1,4.777777777777778,6,3,0,0.6666666666666666,0.3333333333333333,0.0,5,0.625,0,0,0,0
case_00357,197,33,28,3,4.848484848484849,15,18,0,0.45454545454545453,0.5454545454545454,0.0,10,0.3125,2,1,0,1
case_00358,172,26,24,2,5.423076923076923,18,8,0,0.6923076923076923,0.3076923076923077,0.0,9,0.36,0,1,0,1
case_00359,154,25,22,3,5.0,16,9,0,0.64,0.36,0.0,13,0.5416666666666666,1,1,0,1
case_00360,213,33,24,3,5.242424242424242,19,14,0,0.5757575757575758,0.42424242424242425,0.0,18,0.5625,1,2,0,1
case_00361,164,26,23,3,5.076923076923077,12,14,0,0.46153846153846156,0.5384615384615384,0.0,13,0.52,2,2,0,1
case_00362,179,28,25,3,5.178571428571429,13,15,0,0.4642857142857143,0.5357142857142857,0.0,13,0.48148148148148145,1,0,0,0
case_00363,148,23,21,3,5.217391304347826,8,15,0,0.34782608695652173,0.6521739130434783,0.0,11,0.5,1,1,0,1
case_00364,219,34,28,3,5.264705882352941,14,20,0,0.4117647058823529,0.5882352941176471,0.0,15,0.45454545454545453,0,1,0,1
case_00365,141,24,21,3,4.666666666666667,10,14,0,0.4166666666666667,0.5833333333333334,0.0,12,0.5217391304347826,1,1,0,1
case_00366,201,34,30,3,4.735294117647059,19,15,0,0.5588235294117647,0.4411764705882353,0.0,13,0.3939393939393939,0,0,0,0
case_00367,152,26,23,3,4.730769230769231,11,15,0,0.4230769230769231,0.5769230769230769,0.0,9,0.36,1,0,0,0
case_00368,186,30,25,3,5.033333333333333,13,17,0,0.43333333333333335,0.5666666666666667,0.0,19,0.6551724137931034,1,0,0,0
case_00369,167,29,23,3,4.586206896551724,12,17,0,0.41379310344827586,0.5862068965517241,0.0,16,0.5714285714285714,0,2,0,1
case_00370,200,30,27,3,5.466666666666667,14,16,0,0.4666666666666667,0.5333333333333333,0.0,12,0.41379310344827586,0,1,0,1
case_00371,152,26,22,3,4.615384615384615,12,14,0,0.46153846153846156,0.5384615384615384,0.0,14,0.56,0,1,0,1
case_00372,167,30,26,2,4.366666666666666,18,12,0,0.6,0.4,0.0,16,0.5517241379310345,0,1,0,1
case_00373,171,30,27,3,4.6,12,18,0,0.4,0.6,0.0,15,0.5172413793103449,1,0,0,0
case_00374,198,30,25,3,5.4,11,19,0,0.36666666666666664,0.6333333333333333,0.0,15,0.5172413793103449,0,2,0,1
case_00375,154,25,21,2,5.0,10,15,0,0.4,0.6,0.0,12,0.5,1,1,0,1
case_00376,185,29,24,3,5.206896551724138,16,13,0,0.5517241379310345,0.4482758620689655,0.0,10,0.35714285714285715,0,1,0,1
case_00377,165,29,26,3,4.551724137931035,14,15,0,0.4827586206896552,0.5172413793103449,0.0,10,0.35714285714285715,0,1,0,1
case_00378,209,35,26,3,4.771428571428571,21,14,0,0.6,0.4,0.0,17,0.5,1,1,0,1
case_00379,240,42,36,3,4.5476190476190474,23,19,0,0.5476190476190477,0.4523809523809524,0.0,12,0.2926829268292683,0,2,0,1
case_00380,178,29,28,3,4.931034482758621,14,15,0,0.4827586206896552,0.5172413793103449,0.0,13,0.4642857142857143,2,2,0,1
case_00381,185,31,26,3,4.806451612903226,20,11,0,0.6451612903225806,0.3548387096774194,0.0,16,0.5333333333333333,1,1,0,1
case_00382,161,26,23,3,5.0,12,14,0,0.46153846153846156,0.5384615384615384,0.0,15,0.6,2,2,0,1
case_00383,145,24,22,3,4.833333333333333,12,12,0,0.5,0.5,0.0,11,0.4782608695652174,1,0,0,0
case_00384,287,43,29,3,5.465116279069767,26,17,0,0.6046511627906976,0.3953488372093023,0.0,19,0.4523809523809524,2,0,0,0
case_00385,196,32,29,3,5.03125,13,19,0,0.40625,0.59375,0.0,8,0.25806451612903225,2,1,0,1
case_00386,173,29,27,3,4.758620689655173,14,15,0,0.4827586206896552,0.5172413793103449,0.0,19,0.6785714285714286,1,1,0,1
case_00387,165,27,24,3,4.925925925925926,14,13,0,0.5185185185185185,0.48148148148148145,0.0,12,0.46153846153846156,1,2,0,1
case_00388,157,28,23,3,4.392857142857143,13,15,0,0.4642857142857143,0.5357142857142857,0.0,15,0.5555555555555556,1,0,0,0
case_00389,139,23,21,3,4.826086956521739,11,12,0,0.4782608695652174,0.5217391304347826,0.0,11,0.5,1,1,0,1
case_00390,181,31,29,3,4.645161290322581,16,15,0,0.5161290322580645,0.4838709677419355,0.0,10,0.3333333333333333,1,1,0,1
case_00391,160,27,24,3,4.7407407407407405,13,14,0,0.48148148148148145,0.5185185185185185,0.0,14,0.5384615384615384,1,1,0,1
case_00392,175,29,26,3,4.896551724137931,16,13,0,0.5517241379310345,0.4482758620689655,0.0,16,0.5714285714285714,1,1,0,1
case_00393,150,26,23,3,4.576923076923077,11,15,0,0.4230769230769231,0.5769230769230769,0.0,12,0.48,1,2,0,1
case_00394,289,48,35,3,4.833333333333333,21,27,0,0.4375,0.5625,0.0,27,0.574468085106383,2,2,0,1
case_00395,164,25,22,3,5.36,9,16,0,0.36,0.64,0.0,10,0.4166666666666667,1,1,0,1
case_00396,171,27,24,3,5.074074074074074,18,9,0,0.6666666666666666,0.3333333333333333,0.0,8,0.3076923076923077,1,1,0,1
case_00397,201,33,30,3,4.9393939393939394,19,14,0,0.5757575757575758,0.42424242424242425,0.0,12,0.375,0,0,0,0
case_00398,215,34,30,2,5.147058823529412,11,23,0,0.3235294117647059,0.6764705882352942,0.0,12,0.36363636363636365,2,0,0,0
case_00399,120,19,18,2,5.157894736842105,6,13,0,0.3157894736842105,0.6842105263157895,0.0,6,0.3333333333333333,2,0,0,0
case_00400,146,26,21,3,4.423076923076923,12,14,0,0.46153846153846156,0.5384615384615384,0.0,12,0.48,1,1,0,1
case_00401,177,28,25,3,5.142857142857143,13,15,0,0.4642857142857143,0.5357142857142857,0.0,12,0.4444444444444444,1,1,0,1
case_00402,199,32,29,3,5.0625,16,16,0,0.5,0.5,0.0,17,0.5483870967741935,0,0,0,0
case_00403,154,29,24,3,4.103448275862069,16,13,0,0.5517241379310345,0.4482758620689655,0.0,12,0.42857142857142855,1,1,0,1
case_00404,120,19,19,2,5.157894736842105,8,11,0,0.42105263157894735,0.5789473684210527,0.0,4,0.2222222222222222,0,0,0,0
case_00405,165,26,25,3,5.1923076923076925,14,12,0,0.5384615384615384,0.46153846153846156,0.0,9,0.36,3,2,0,1
case_00406,213,35,29,3,4.942857142857143,13,22,0,0.37142857142857144,0.6285714285714286,0.0,18,0.5294117647058824,2,3,0,1
case_00407,132,22,19,3,4.7727272727272725,9,13,0,0.4090909090909091,0.5909090909090909,0.0,13,0.6190476190476191,2,1,0,1
case_00408,128,22,20,3,4.636363636363637,12,10,0,0.5454545454545454,0.45454545454545453,0.0,11,0.5238095238095238,0,1,0,1
case_00409,241,37,28,2,5.324324324324325,16,21,0,0.43243243243243246,0.5675675675675675,0.0,20,0.5555555555555556,0,1,0,1
case_00410,140,24,18,3,4.625,12,12,0,0.5,0.5,0.0,17,0.7391304347826086,0,1,0,1
case_00411,221,35,27,2,5.085714285714285,21,14,0,0.6,0.4,0.0,16,0.47058823529411764,2,0,0,0
case_00412,195,30,26,3,5.3,19,11,0,0.6333333333333333,0.36666666666666664,0.0,12,0.41379310344827586,0,1,0,1
case_00413,166,27,25,2,4.962962962962963,12,15,0,0.4444444444444444,0.5555555555555556,0.0,9,0.34615384615384615,1,1,0,1
case_00414,167,28,25,3,4.75,10,18,0,0.35714285714285715,0.6428571428571429,0.0,12,0.4444444444444444,1,1,0,1
case_00415,184,28,23,3,5.357142857142857,14,14,0,0.5,0.5,0.0,16,0.5925925925925926,0,1,0,1
case_00416,219,32,30,3,5.625,18,14,0,0.5625,0.4375,0.0,12,0.3870967741935484,2,1,0,1
case_00417,205,34,31,2,4.911764705882353,20,14,0,0.5882352941176471,0.4117647058823529,0.0,17,0.5151515151515151,0,1,0,1
case_00418,84,15,15,1,4.533333333333333,10,5,0,0.6666666666666666,0.3333333333333333,0.0,5,0.35714285714285715,0,0,0,0
case_00419,220,38,31,3,4.578947368421052,23,15,0,0.6052631578947368,0.39473684210526316,0.0,20,0.5405405405405406,0,2,0,1
case_00420,145,23,21,2,5.130434782608695,11,12,0,0.4782608695652174,0.5217391304347826,0.0,4,0.18181818181818182,1,1,0,1
case_00421,201,34,25,3,4.705882352941177,17,17,0,0.5,0.5,0.0,19,0.5757575757575758,2,1,0,1
case_00422,137,23,21,3,4.739130434782608,12,11,0,0.5217391304347826,0.4782608695652174,0.0,11,0.5,2,0,0,0
case_00423,171,25,23,3,5.64,12,13,0,0.48,0.52,0.0,6,0.25,2,0,0,0
case_00424,36,6,6,1,4.833333333333333,4,2,0,0.6666666666666666,0.3333333333333333,0.0,4,0.8,0,0,0,0
case_00425,152,24,24,2,5.166666666666667,16,8,0,0.6666666666666666,0.3333333333333333,0.0,8,0.34782608695652173,0,1,0,1
case_00426,161,27,26,2,4.703703703703703,19,8,0,0.7037037037037037,0.2962962962962963,0.0,9,0.34615384615384615,1,1,0,1
case_00427,169,26,23,3,5.346153846153846,11,15,0,0.4230769230769231,0.5769230769230769,0.0,12,0.48,0,1,0,1
case_00428,260,45,35,3,4.6,29,16,0,0.6444444444444445,0.35555555555555557,0.0,16,0.36363636363636365,1,2,0,1
case_00429,114,18,17,2,5.166666666666667,5,13,0,0.2777777777777778,0.7222222222222222,0.0,7,0.4117647058823529,1,0,0,0
case_00430,219,38,28,3,4.552631578947368,16,22,0,0.42105263157894735,0.5789473684210527,0.0,23,0.6216216216216216,1,2,0,1
case_00431,217,37,33,3,4.702702702702703,17,20,0,0.4594594594594595,0.5405405405405406,0.0,14,0.3888888888888889,0,0,0,0
case_00432,188,29,28,3,5.310344827586207,12,17,0,0.41379310344827586,0.5862068965517241,0.0,17,0.6071428571428571,2,1,0,1
case_00433,184,31,30,3,4.741935483870968,18,13,0,0.5806451612903226,0.41935483870967744,0.0,11,0.36666666666666664,3,1,0,1
case_00434,223,34,31,3,5.323529411764706,20,14,0,0.5882352941176471,0.4117647058823529,0.0,17,0.5151515151515151,1,0,0,0
case_00435,192,32,30,2,4.84375,20,12,0,0.625,0.375,0.0,9,0.2903225806451613,0,1,0,1
case_00436,227,36,32,3,5.166666666666667,19,17,0,0.5277777777777778,0.4722222222222222,0.0,17,0.4857142857142857,0,0,0,0
case_00437,159,25,24,3,5.08,11,14,0,0.44,0.56,0.0,15,0.625,3,1,0,1
case_00438,148,21,20,3,5.857142857142857,11,10,0,0.5238095238095238,0.47619047619047616,0.0,9,0.45,2,0,0,0
case_00439,204,37,28,3,4.351351351351352,11,26,0,0.2972972972972973,0.7027027027027027,0.0,16,0.4444444444444444,1,0,0,0
case_00440,216,34,32,3,5.205882352941177,15,19,0,0.4411764705882353,0.5588235294117647,0.0,13,0.3939393939393939,0,2,0,1
case_00441,181,28,24,3,5.25,10,18,0,0.35714285714285715,0.6428571428571429,0.0,8,0.2962962962962963,2,1,0,1
case_00442,165,29,25,2,4.482758620689655,11,18,0,0.3793103448275862,0.6206896551724138,0.0,13,0.4642857142857143,2,1,0,1
case_00443,229,36,31,3,5.222222222222222,16,20,0,0.4444444444444444,0.5555555555555556,0.0,17,0.4857142857142857,2,2,0,1
case_00444,167,28,26,3,4.678571428571429,16,12,0,0.5714285714285714,0.42857142857142855,0.0,17,0.6296296296296297,1,0,0,0
case_00445,144,25,19,3,4.56,12,13,0,0.48,0.52,0.0,9,0.375,2,1,0,1
case_00446,179,26,24,2,5.6923076923076925,16,10,0,0.6153846153846154,0.38461538461538464,0.0,13,0.52,0,1,0,1
case_00447,188,30,27,3,5.066666666666666,19,11,0,0.6333333333333333,0.36666666666666664,0.0,11,0.3793103448275862,3,1,0,1
case_00448,185,34,29,3,4.294117647058823,14,20,0,0.4117647058823529,0.5882352941176471,0.0,18,0.5454545454545454,1,1,0,1
case_00449,242,37,34,3,5.378378378378378,17,20,0,0.4594594594594595,0.5405405405405406,0.0,15,0.4166666666666667,2,0,0,0
case_00450,188,28,27,2,5.428571428571429,15,13,0,0.5357142857142857,0.4642857142857143,0.0,13,0.48148148148148145,0,0,0,0
case_00451,171,29,26,2,4.724137931034483,15,14,0,0.5172413793103449,0.4827586206896552,0.0,18,0.6428571428571429,1,0,0,0
case_00452,220,33,28,3,5.454545454545454,15,18,0,0.45454545454545453,0.5454545454545454,0.0,19,0.59375,2,2,0,1
case_00453,172,31,27,3,4.419354838709677,13,18,0,0.41935483870967744,0.5806451612903226,0.0,14,0.4666666666666667,3,1,0,1
case_00454,196,32,29,2,4.90625,15,17,0,0.46875,0.53125,0.0,20,0.6451612903225806,0,1,0,1
case_00455,199,32,29,2,5.0625,13,19,0,0.40625,0.59375,0.0,17,0.5483870967741935,2,2,0,1
case_00456,211,35,31,3,4.828571428571428,16,19,0,0.45714285714285713,0.5428571428571428,0.0,19,0.5588235294117647,2,0,0,0
case_00457,104,17,17,2,4.9411764705882355,9,8,0,0.5294117647058824,0.47058823529411764,0.0,6,0.375,0,0,0,0
case_00458,187,27,26,3,5.7407407407407405,18,9,0,0.6666666666666666,0.3333333333333333,0.0,15,0.5769230769230769,0,2,0,1
case_00459,181,30,26,2,4.9,11,19,0,0.36666666666666664,0.6333333333333333,0.0,14,0.4827586206896552,2,0,0,0
case_00460,202,32,30,3,5.15625,14,18,0,0.4375,0.5625,0.0,17,0.5483870967741935,2,0,0,0
case_00461,200,33,28,3,4.878787878787879,16,17,0,0.48484848484848486,0.5151515151515151,0.0,15,0.46875,0,1,0,1
case_00462,184,31,28,3,4.838709677419355,18,13,0,0.5806451612903226,0.41935483870967744,0.0,11,0.36666666666666664,0,0,0,0
case_00463,164,26,24,3,5.153846153846154,11,15,0,0.4230769230769231,0.5769230769230769,0.0,13,0.52,0,2,0,1
case_00464,153,26,24,3,4.769230769230769,11,15,0,0.4230769230769231,0.5769230769230769,0.0,10,0.4,2,1,0,1
case_00465,192,34,30,3,4.470588235294118,19,15,0,0.5588235294117647,0.4411764705882353,0.0,16,0.48484848484848486,1,0,0,0
case_00466,153,27,24,3,4.481481481481482,10,17,0,0.37037037037037035,0.6296296296296297,0.0,15,0.5769230769230769,1,1,0,1
case_00467,166,28,28,3,4.75,20,8,0,0.7142857142857143,0.2857142857142857,0.0,11,0.4074074074074074,0,1,0,1
case_00468,193,35,27,3,4.4,16,19,0,0.45714285714285713,0.5428571428571428,0.0,13,0.38235294117647056,2,1,0,1
case_00469,156,24,22,3,5.166666666666667,15,9,0,0.625,0.375,0.0,13,0.5652173913043478,2,0,0,0
case_00470,197,32,28,3,5.0,19,13,0,0.59375,0.40625,0.0,17,0.5483870967741935,0,1,0,1
case_00471,177,31,27,3,4.548387096774194,15,16,0,0.4838709677419355,0.5161290322580645,0.0,17,0.5666666666666667,1,0,0,0
case_00472,187,29,24,2,5.241379310344827,13,16,0,0.4482758620689655,0.5517241379310345,0.0,7,0.25,0,2,0,1
case_00473,185,29,26,2,5.172413793103448,18,11,0,0.6206896551724138,0.3793103448275862,0.0,12,0.42857142857142855,2,1,0,1
case_00474,210,36,32,2,4.638888888888889,18,18,0,0.5,0.5,0.0,12,0.34285714285714286,2,1,0,1
case_00475,164,28,28,3,4.678571428571429,15,13,0,0.5357142857142857,0.4642857142857143,0.0,10,0.37037037037037035,0,1,0,1
case_00476,176,28,22,3,5.107142857142857,14,14,0,0.5,0.5,0.0,17,0.6296296296296297,2,1,0,1
